group,n,r_p50,tf_p50,lhf_p50
E00,396,0.4923,0.0335,0.8566
E01,200,0.5284,0.1555,0.8132
E02,167,0.5857,0.4647,0.7899
E03,71,0.5772,1.0167,0.8242
E04,21,0.6749,2.2412,0.8774
E05,272,0.9084,0.0403,0.8017
E06,262,0.9378,0.1667,0.7719
E07,168,0.9351,0.4792,0.7821
E08,116,0.9152,0.9744,0.827
E09,36,0.9911,2.275,0.8743
E10,131,1.2833,0.0556,0.787
E11,208,1.3185,0.1796,0.7123
E12,213,1.3674,0.5,0.7402
E13,212,1.3849,1.0446,0.7778
E14,90,1.3768,2.2917,0.7821
E15,47,1.8069,0.0625,0.7436
E16,140,1.9753,0.1944,0.6736
E17,200,2.0007,0.5,0.7083
E18,251,2.0332,1.0833,0.7417
E19,216,2.0846,2.7889,0.763
E20,9,3.2023,0.075,0.3839
E21,44,3.7365,0.1972,0.5464
E22,106,3.1997,0.5367,0.6261
E23,204,3.6204,1.1667,0.706
E24,492,4.4239,3.8194,0.75
