shape_group,P01_S01,P03_S01,P03_S02,P03_S03,P03_S04,P03_S05,P03_S06,P04_S01,P04_S02,P04_S03,P04_S04,P04_S05,P05_S01,P07_S01,P08_S01
G01_S01,176,0,0,0,0,0,0,0,0,0,0,0,0,0,0
G02_S01,0,0,1,0,0,2,2,0,0,0,0,0,0,0,2
G03_S01,15,20,15,30,10,12,17,4,1,5,2,14,1,2,0
G03_S02,14,5,16,37,16,19,6,2,1,5,4,3,0,2,0
G03_S03,4,6,20,43,22,29,5,4,2,3,1,2,4,0,2
G03_S04,0,70,1,0,28,0,0,3,12,0,0,0,0,0,7
G04_S01,19,6,22,24,16,18,24,7,1,10,6,15,2,3,4
G04_S02,33,1,24,49,11,20,16,7,3,18,8,17,0,5,1
G04_S03,8,3,35,49,20,47,12,8,2,14,8,5,1,2,3
G04_S04,1,43,13,51,36,9,1,6,8,0,2,1,6,0,5
G04_S05,2,0,25,30,2,55,9,6,0,5,6,1,4,3,2
G04_S06,0,107,4,6,47,0,1,4,38,0,0,1,4,0,11
G05_S01,15,13,20,14,7,26,23,7,7,6,6,3,14,1,0
G05_S02,18,10,41,29,11,32,18,10,1,8,17,7,16,1,0
G05_S03,8,0,20,6,1,71,9,6,0,4,21,4,13,0,0
G05_S04,0,2,29,7,26,22,6,19,2,0,6,3,35,0,0
G05_S05,6,0,9,27,1,33,3,2,0,0,8,1,8,0,0
G05_S06,0,61,0,5,26,2,0,3,45,0,0,1,64,0,2
G06_S01,10,33,17,17,21,14,10,12,3,10,6,2,0,1,12
G07_S01,11,15,17,21,8,17,8,4,12,10,6,4,0,3,22
G07_S02,8,1,28,24,10,36,9,4,0,10,11,11,1,4,16
G08_S01,37,3,14,17,7,14,3,4,1,14,3,4,0,6,1
G08_S02,12,20,13,36,11,16,10,2,4,3,7,8,2,1,18
G08_S03,19,3,22,43,5,33,12,7,1,16,7,6,0,9,6
G08_S04,2,8,45,24,15,47,11,15,0,3,10,2,0,1,18
G08_S05,0,68,4,6,44,2,0,9,27,0,0,0,0,0,34
